{
    "nom": "ABADLA",
    "Latitude": 31.0023101,
    "Longitude": -2.7458681
 }
